Id,Label,followersCount,description
Paloma Moritz,Paloma Moritz,,
TotalEnergies,TotalEnergies,,
Greenpeace France,Greenpeace France,,
Raphael Glucksmann,Raphael Glucksmann,,
Peter Sagan,Peter Sagan,945778.0,"Official Twitter account of Peter Sagan, Three-time Cycling World Champion.  Business inquiries: marketing@petersagan.com"
Team TotalEnergies,Team TotalEnergies,,
CamilleEtienne,CamilleEtienne,29112.0,activiste pour la justice sociale et climatique
MickaÃ«l Correia,MickaÃ«l Correia,,
SalomÃ© SaquÃ©,SalomÃ© SaquÃ©,144560.0,"Journaliste Ã©conomie et politique Ã  @blast_france.
Chroniqueuse pour @lcp.
Parfois dans @28minutes.
Ex @france24."
"BLAST, Le souffle de l'info","BLAST, Le souffle de l'info",,
Elodie Nace,Elodie Nace,,
Yannick Jadot,Yannick Jadot,,
Patrick PouyannÃ©,Patrick PouyannÃ©,,
Pierre Larrouturou,Pierre Larrouturou,55768.0,Justice sociale & climat DÃ©putÃ© europÃ©en @Nouvelle_Donne Rapporteur gÃ©nÃ©ral du Budget ğŸ‡ªğŸ‡º2021. Member of the European Parliament @TheProgressives #StopEACOP ğŸŒ
Martine Roffinella ğŸŒˆ,Martine Roffinella ğŸŒˆ,,
Alexandre-Reza Kokabi,Alexandre-Reza Kokabi,,
ANV-COP21,ANV-COP21,,
Les Amis de la Terre FR,Les Amis de la Terre FR,,
Alternatiba Paris,Alternatiba Paris,,
Reporterre | Le quotidien de l'Ã©cologie,Reporterre | Le quotidien de l'Ã©cologie,,
Loup EspargiliÃ¨re,Loup EspargiliÃ¨re,6601.0,"Fier papa de @Vert_le_media.
Reporter de la fin du mois et de la fin du monde."
Pauline Boyer,Pauline Boyer,2692.0,"Activiste Climat @alternatiba, Ã©cofÃ©ministe, co-autrice ""Manifeste pour la non-violence"", ChargÃ©e de campagne Transition Ã‰nergÃ©tique @greenpeace"
Attac France,Attac France,,
Lulu,Lulu,302.0,"""Scientifique de la donnÃ©e"" le jour, dÃ©sobÃ©issante la nuit | violente extrÃ©miste islamogauchiste prÃªte Ã  remplacer les franÃ§ais
ğŸ“¸ @BasileMB"
Lorette Philippot,Lorette Philippot,,
Jean-Luc MÃ©lenchon,Jean-Luc MÃ©lenchon,,
Emmanuel Macron,Emmanuel Macron,,
ENGIE,ENGIE,,
Matthieu ORPHELIN,Matthieu ORPHELIN,50460.0,"Futur directeur gÃ©nÃ©ral de la LPO (au 1/11/22)
ex DÃ©putÃ© Ã©cologiste de Maine-et-Loire
#climat #biodiversitÃ©
#Ã©cologie #dÃ©mocratie #solidaritÃ©. PhD
Tweets perso"
Maxime Combes,Maxime Combes,,
RTL France,RTL France,,
Renault France,Renault France,,
Societe Generale Group,Societe Generale Group,,
Decathlon,Decathlon,,
DÃ©putÃ©e Obono,DÃ©putÃ©e Obono,92162.0,"DaniÃ¨le Obono, afrofÃ©ministe, Ã©cosocialiste, dÃ©putÃ©e de Paris #circo7517 @FranceInsoumise - Nouvelle Union Populaire #NUPES."
Bon Pote,Bon Pote,52891.0,"Media qui alerte sur un truc pas cool : le changement climatique.
Tout comprendre (ou presque) sur le climat, @CNRSEd 2022
bonpote.com"
BNP Paribas Group #Vivatech,BNP Paribas Group #Vivatech,,
Bruno Le Maire,Bruno Le Maire,,
Reclaim Finance,Reclaim Finance,,
CrÃ©dit Mutuel,CrÃ©dit Mutuel,,
Mediapart,Mediapart,,
Pauline Rapilly Ferniot,Pauline Rapilly Ferniot,,
N. Dupont-Aignan,N. Dupont-Aignan,,
Lucie Pinson,Lucie Pinson,,
Hugo Viel,Hugo Viel,2930.0,Drouais - Activiste climat - hugo.viel.langree@hotmail.fr | DiplÃ´mÃ© de @ingenieursECE et @Sorbonne_Univ_ en Ã‰nergie & Environnement
Stacy Algrain,Stacy Algrain,4382.0,"50% journaliste, 50% activiste, 100% punchlineuse Fondatrice de @Penserlapres | La Corneille (newsletter biodiv) ğŸª¶"
Notre Affaire Ã  Tous,Notre Affaire Ã  Tous,19681.0,#NAAT est une association qui dÃ©fend la #JusticeClimatique Notre objectif : nous unir pour dÃ©fendre lâ€™intÃ©rÃªt gÃ©nÃ©ral face Ã  ceux qui dÃ©truisent notre planÃ¨te.
Audrey Garric,Audrey Garric,,
Le Bolchejuif,Le Bolchejuif,,
TeÃ¯ssir,TeÃ¯ssir,5056.0,chargÃ©e de campagne @_lemouvement âœmilitante @alternatiba75 âœŒï¸
Celia Gautier,Celia Gautier,7659.0,Analyste des politiques climat-Ã©nergie de la France   I   Nantaise   I   Chaque dixiÃ¨me de degrÃ© CÂ° compte  I  Avec les copains on a lancÃ© l'Affaire du SiÃ¨cle
Maxence Cordiez,Maxence Cordiez,,
Amundi,Amundi,,
Mac Lesggy 3 x ğŸ’‰,Mac Lesggy 3 x ğŸ’‰,57618.0,"IngÃ©nieur agronome AgroParisTech/animateur-producteur e=m6/#em6/science pour tous sur @RTLFrance/ambassadeur #OralB/Ã©cologie oui, Ã©cologisme non/stop au CO2"
Julie Garnier ğŸğŸ¢âœŒï¸,Julie Garnier ğŸğŸ¢âœŒï¸,33004.0,"ğŸ›ConseillÃ¨re rÃ©gionale IDF                                      
ğŸ—£Oratrice nationale de la @FranceInsoumise.    
ğŸ«‚@lesinsoumisdu77"
No Pasaran (copyright @sidpics),No Pasaran (copyright @sidpics),,
Nicolas Raffin,Nicolas Raffin,,
Edina Ifticene,Edina Ifticene,,
Juggtft,Juggtft,,
Soumaya Benaissa,Soumaya Benaissa,1591.0,"RÃ©dactrice en chef, responsable du site et du pÃ´le IdÃ©es de Blast (ex-France 24, Public SÃ©nat)"
J-F Julliard,J-F Julliard,12773.0,"Directeur gÃ©nÃ©ral @greenpeacefr et activiste pour le climat / Auteur de diffÃ©rents ouvrages
#velotaf #Pantin"
Bastien ğŸŒ»ğŸ‡ªğŸ‡ºğŸ‡ºğŸ‡¦,Bastien ğŸŒ»ğŸ‡ªğŸ‡ºğŸ‡ºğŸ‡¦,471.0,"ğŸŒ»@EELVParis12 ğŸŒ»
Science Politique @SorbonneParis1"
Ğ’Ğ¾Ğ»Ğ¾Ğ´Ğ¸Ğ¼Ğ¸Ñ€ Ğ—ĞµĞ»ĞµĞ½ÑÑŒĞºĞ¸Ğ¹,Ğ’Ğ¾Ğ»Ğ¾Ğ´Ğ¸Ğ¼Ğ¸Ñ€ Ğ—ĞµĞ»ĞµĞ½ÑÑŒĞºĞ¸Ğ¹,,
350.org - France,350.org - France,,
TotalEnergies Marketing Cameroun,TotalEnergies Marketing Cameroun,1455.0,"Compagnie multi-Ã©nergies mondiale de production & de fourniture dâ€™Ã©nergies : pÃ©trole & biocarburants, gaz naturel & gaz verts, renouvelables & Ã©lectricitÃ©."
Groupe CrÃ©dit Agricole,Groupe CrÃ©dit Agricole,,
Azur_S,Azur_S,838.0,Retour aprÃ¨s suppression de mon ancien compte : Le viol-un crime ?#Correctionnalisation du viol et ou dÃ©lit dâ€™atteinte sexuelle. Deux caches-viols
TotalEnergies Press,TotalEnergies Press,,
Lactalis,Lactalis,,
Delphine Batho,Delphine Batho,,
Gouvernement,Gouvernement,,
Greenpeace Paris,Greenpeace Paris,5254.0,"Groupes locaux de Paris. Â«Penser globalement, agir localementÂ».   Notre rÃ´le est de relayer localement les campagnes globales de Greenpeace."
Matthieu Auzanneau,Matthieu Auzanneau,14759.0,"Executive director @theShiftPR0JECT Ã©conomieâŠŠÃ©cologie 
""Oil, Power, & War"" @Nature: ""Prodigious""
""Oil Man"" blog @LeMondefr 
CO2=POPxGDP/POPxE/GDPxCO2/E"
Camille Crosnier,Camille Crosnier,46012.0,"Journaliste @franceinter 
La Terre au CarrÃ© du lundi au vendredi 14h-15h @latacfi
14h30 Camille passe au vert franceinter.fr/emissions/camiâ€¦"
France Inter,France Inter,,
Shaamit,Shaamit,452.0,"Â« Si petite que soit la braise, c'est elle qui remet le feu Ã  la plaine. Â»"
CrÃ©dit Agricole,CrÃ©dit Agricole,,
Martin Bertran,Martin Bertran,1166.0,Head of Advertising @TotalEnergies. Mes tweets sont de moi et n'engagent que moi ğŸ˜˜
Clara Gonzales,Clara Gonzales,4298.0,Legal counsel @Greenpeacefr ~ ex @asso_sherpa @fondationfemmes
vert,vert,9046.0,"Toute l'actualitÃ© de l'Ã©cologie en sept minutes de lecture, chaque jour dans votre boÃ®te mail. Abonnez-vous gratuitement ğŸ‘‡"
Vanessa Nakate,Vanessa Nakate,,
Nakabuye Hilda F.,Nakabuye Hilda F.,,
Emma Tosini,Emma Tosini,1003.0,Activiste climat. FÃ©ministe. Porte-parole @alternatiba_ @anvcop21. PassÃ©e par @laffairedusiecl. Pour une Ã©cologie populaire qui ne laisse personne de cÃ´tÃ© ğŸŒ
StopEACOP,StopEACOP,,
Pour un rÃ©veil Ã©cologique,Pour un rÃ©veil Ã©cologique,18559.0,"Collectif dâ€™Ã©tudiants et jeunes diplÃ´mÃ©s mobilisÃ©s face aux crises Ã©cologiques. Compte anti-greenwashing âš ï¸

 ğŸ‘‰ Tous nos threads sur @threadPRE"
Defend Intelligence,Defend Intelligence,26925.0,"ğŸ‡«ğŸ‡· Lead AI Engineer | Applied Research | AI | Threat Intelligence | Data | Algorithms | Vulgarisateur IA , YouTube / Twitch . hi@defendintelligence.com"
La Banque Postale,La Banque Postale,,
AXA France,AXA France,,
ClÃ©ment SÃ©nÃ©chal,ClÃ©ment SÃ©nÃ©chal,,
Basile MesrÃ©-Barjon,Basile MesrÃ©-Barjon,,
PumP_uP_The_VolumE,PumP_uP_The_VolumE,,
Frederic Amiel,Frederic Amiel,1233.0,"Pourvoyeur de surtravail. Auteur, Ã©diteur (Ã©ditions hic et nunc). ""Pour un parti de la fÃªte"", en prÃ©commande ici : lnkd.in/g3ECY7FM"
Corinne Reverbel ğŸ­,Corinne Reverbel ğŸ­,55743.0,"Consultante Webmarketing, Docteur Biochimie & Microbio - AUCUN LIEN NI CONFLIT Dâ€™INTÃ‰RÃŠTS avec lâ€™IHU #SoutienAFranceSoir #NoCorrupMed"
Alexandre Poidatz,Alexandre Poidatz,1465.0,#Ecologie #Economie #Energie | Plaide @OxfamFrance pour mettre la #Finance au service du #climat et de la justice sociale | My tweets (try to be optimistic)
Ires PrÏ†bereğŸ”»ğŸ•Š,Ires PrÏ†bereğŸ”»ğŸ•Š,,
Mathilde Panot,Mathilde Panot,124550.0,DÃ©putÃ©e du Val-de-Marne â€¢ 94 âœŒï¸ğŸ»â€¢ PrÃ©sidente du groupe LFI Ã  lâ€™AssemblÃ©e nationale â€¢ @mairieivry â€¢ @mairievitry â€¢ @villeKB â€¢ Gentilly â€¢ t.me/mathildepanot
BNP Paribas Group,BNP Paribas Group,,
Gabriel Mazzolini,Gabriel Mazzolini,,
L'avis de MamÃ¨re le podcast,L'avis de MamÃ¨re le podcast,1612.0,#lavisdemamere prÃ©sentÃ© par NoÃ«l MamÃ¨re. Le podcast qui met sur le divan celles et ceux qui Å“uvrent pour une sociÃ©tÃ© joyeuse et durable.
Barbara Pompili,Barbara Pompili,,
France Rugby,France Rugby,,
Djoe_ ğŸ¢,Djoe_ ğŸ¢,67.0,"Game Developper.
#Unity #Unreal #VR"
mister renard,mister renard,,
Les Voix du NuclÃ©aire,Les Voix du NuclÃ©aire,,
Conf' Paysanne,Conf' Paysanne,,
~ le mouvement,~ le mouvement,3859.0,"ğŸš¨ 135 260 membres pour dÃ©fendre le bien commun, faire pression sur les dÃ©cideurs, et gagner des batailles dans la loi et l'opinion"
Sherpa,Sherpa,12868.0,20 ans de combats pour une mondialisation plus juste ~ 20 years fighting for accountability in a globalized world
Marie Cohuet âœŒğŸ»,Marie Cohuet âœŒğŸ»,3491.0,Activiste climat et justice sociale | team @alternatiba75 ğŸ”¥| dÃ©sobÃ©issance civile et construction du futur | porte-parole @alternatiba_ et @ANVCOP21
à¼“â˜¾NÇŸÉ–ÊÇŸğŸ¢â˜½à¼“,à¼“â˜¾NÇŸÉ–ÊÇŸğŸ¢â˜½à¼“,862.0,"On ne voit bien qu'avec le cÅ“ur, l'essentiel est invisible pour les yeux â˜ºï¸A vaincre sans pÃ©ril on triomphe sans gloire ğŸ˜ & Hakuna Matata"
MinistÃ¨re des Hydrocarbures RDC,MinistÃ¨re des Hydrocarbures RDC,1793.0,Compte officiel du ministÃ¨re des hydrocarbures de la RÃ©publique DÃ©mocratique du Congo ğŸ‡¨ğŸ‡©
Mister Henry,Mister Henry,,
Science Infuse,Science Infuse,,
Flag_of_libertyğŸ‡«ğŸ‡· Z,Flag_of_libertyğŸ‡«ğŸ‡· Z,,
Mediavenir,Mediavenir,,
AnfrÃ© Antoine,AnfrÃ© Antoine,2139.0,Ambassadeur de France au Rwanda ğŸ‡¨ğŸ‡µğŸ‡·ğŸ‡¼
FranÃ§ois Dos Santos,FranÃ§ois Dos Santos,,
NoukiÃ© CÃ©drikğŸ‡¨ğŸ‡²âœŒğŸ¾,NoukiÃ© CÃ©drikğŸ‡¨ğŸ‡²âœŒğŸ¾,172.0,"master's degree in banking and finance, volunteer ambassador for Plan International West and Central Africa. volunteer at the humanitarian association  Ajevoh."
QG le mÃ©dia libre,QG le mÃ©dia libre,32399.0,"Plus tÃ´t nous serons nombreux, plus vite nous retrouverons une voix. Telegram: t.me/qglemedialibre"
FrÃ©dÃ©ric Sergent,FrÃ©dÃ©ric Sergent,2452.0,"Ce n'est pas la victoire qui rend l'homme beau, c'est le combat (M. Ferron).
#Gauche #ProgrÃ¨sSocial #JusticeSociale"
Nicolas Haeringer,Nicolas Haeringer,5299.0,"Associate Director Movement Partnerships @350 - vieux routier, 'honorable correspondant'. Un peu d'ornitho, de Vercors et de justice climatique et @attac_fr"
Nassira El Moaddem,Nassira El Moaddem,86355.0,"Journaliste, autrice
ğŸ“ºPrÃ©sentatrice @arretsurimages
ğŸ™ï¸""Parcours de combattants"" @franceinter
âœï¸ğŸ½""Les Filles de Romorantin"" @Ed_Iconoclaste
âœï¸En cours #Fayard"
AUCHAN,AUCHAN,,
ChampagneRadis,ChampagneRadis,38.0,On vit dans une sociÃ©tÃ©
Ami des lobbies,Ami des lobbies,4056.0,"Lobbies, pognon et traditions.
Ã‰nergies fossiles, agrochimie, Ã©levage intensif... Nous dÃ©fendons toutes ces industries vertueuses."
Laure Ducos,Laure Ducos,3049.0,"Porte-parole agriculture et alimentation @greenpeacefr 
#Ã©levage #viande #vÃ©gÃ© #lobbies
Tweets are mine."
La FNSEA,La FNSEA,,
bp,bp,,
Shell,Shell,,
Christiane Lambert,Christiane Lambert,,
FranÃ§ois Momboisse,FranÃ§ois Momboisse,24323.0,"Tweets perso sur commerce et internet, politique et Ã©nergie. Pro-vaccins, pro-nuclÃ©aire, pro-OGM, etc. PrÃ©sident fevad.com fÃ©dÃ©ration du #ecommerce"
Charles de Lacombe,Charles de Lacombe,3319.0,"Justice sociale & environnementale | ingÃ©nieur, bosse en asso | mercredi Ã  8h10 sur @laradionova | bouge avec @alternatiba69 & @amisdelaterre

ğŸ“· @BasileMB"
Sarah Fayolle,Sarah Fayolle,1968.0,"Chez @greenpeace sur #transports #climat #pollution de l'air.
Tweeting Out Loud sur tout Ã§a et +.
Et, oui, mes tweets ne sont que mes tweets !
Â©AFP/J.P. Ksiazek"
ğŸ‘€,ğŸ‘€,128.0,
Rwanda Broadcasting Agency (RBA),Rwanda Broadcasting Agency (RBA),356721.0,Official Account of Rwanda Broadcasting Agency (RBA). Home of @RwandaTV ||@Radiorwanda_RBA || @MAGICFM907 || @KC2_RW || @MagicSportsTV_ & 5 Community Radios
ClÃ©ment Pairot âœŒï¸ğŸŒâœŠ,ClÃ©ment Pairot âœŒï¸ğŸŒâœŠ,1606.0,"ğŸ—³ï¸Formateur mob @PrimairePop,
ğŸŒAnimateur @FresqueduClimat
âœï¸Auteur ğŸ“š@Democrazies_, Les illusion perdues de l'AmÃ©rique dÃ©mocrate, Nâ€™allez plus seulement voter"
Nicolas,Nicolas,,
Matthieu Pechberty,Matthieu Pechberty,4191.0,"Grand Reporter Ã  @BFMBusiness. Ex-JDD, La Tribune, Fig Eco, Nouvel Eco et Bateaux. Livres: ""L'Etat accro au tabac"" et ""Natixis, enquÃªte sur une faillite d'Etat"""
BFM Business,BFM Business,,
francoise degois,francoise degois,,
jean-marie fardeau,jean-marie fardeau,6957.0,DÃ©lÃ©guÃ© national @VoxPublic_ #droitshumains #societecivile /Lutte contre #discriminations #injustices-sociales #corruption #France.
Rodolphe Saade,Rodolphe Saade,8162.0,"Chairman and CEO of @cmacgm, a world leader in shipping and logistics"
Carine Thibaut,Carine Thibaut,668.0,"Porte-parole et conseillÃ¨re politique @Greenpeace Belgium. Campaigner, engagÃ©e. #ClimateEmergency #JusticeFiscale
Tweets are my own"
Guillaume QUINTIN ğŸ³ï¸â€ğŸŒˆğŸ”»,Guillaume QUINTIN ğŸ³ï¸â€ğŸŒˆğŸ”»,19596.0,ğŸ”»ğŸ³ï¸â€ğŸŒˆ Humaniste Universaliste Fils de Lutte @EspaceDesLuttes Conseiller Municipal #EgalitÃ©LibertÃ©FraternitÃ© Sec Nal @lePG #SiamoTuttiAntifascisti ğŸ¢
Ã‰cole polytechnique,Ã‰cole polytechnique,,
å¥ˆè‰¯ã‚·ã‚«ãƒãƒ« â˜®ï¸,å¥ˆè‰¯ã‚·ã‚«ãƒãƒ« â˜®ï¸,,
AXA,AXA,,
Bonaventure Bondo,Bonaventure Bondo,243.0,Climate activistğŸ‡¨ğŸ‡©|Coordinator of the Youth Movement for protection of the environment| Organizer of the Virunga  Fossil Free  Campaign at 350.org
Lindgaard,Lindgaard,13675.0,"Journaliste Ã  Mediapart, enquÃªte sur les injustices environnementales, lâ€™Ã©cologie urbaine, les pollutions. Habitante d'Aubervilliers. ILove93"
Val Waeselynck,Val Waeselynck,636.0,
Info-Birmanie,Info-Birmanie,,
Ã‰lysÃ©e,Ã‰lysÃ©e,,
L'affaire du siÃ¨cle,L'affaire du siÃ¨cle,20917.0,ğŸ“£ La justice a tranchÃ© : lâ€™Etat nâ€™a plus le choix et doit agir concrÃ¨tement et rapidement pour le climat ! ğŸŒ #PasDeClimatPasDeMandat #LAffaireDuSiecle
Arnaud,Arnaud,604.0,"Tricoteur de fibres optiques, dompteur de serveurs, passionnÃ© par les sciences et les technologies.
Promotion SupApero 1989."
Cyril Grignon,Cyril Grignon,,
Le stagiaire,Le stagiaire,64.0,"Et Michel, c'est quoi ton dÃ©partement prÃ©fÃ©rÃ© ? La Loire ! Ah parfait, ce sera 42â‚¬ le MWH ARENH"
ekWateur,ekWateur,,
ilek,ilek,,
ENGIE Particuliers,ENGIE Particuliers,,
IBERDROLA FRANCE,IBERDROLA FRANCE,,
Mint ğŸŒ±,Mint ğŸŒ±,,
Fridays For Future,Fridays For Future,,
Marie Toussaint ğŸŒğŸŒ,Marie Toussaint ğŸŒğŸŒ,,
ironsatğŸŒ¿,ironsatğŸŒ¿,260.0,
Marc-Antoine ğŸ‡¨ğŸ‡µ,Marc-Antoine ğŸ‡¨ğŸ‡µ,,
Vilain Syndicaliste,Vilain Syndicaliste,,
HÃ©lÃ¨ne Bourges,HÃ©lÃ¨ne Bourges,1318.0,"Responsable de campagne  @greenpeacefr. PassÃ©e par les ocÃ©ans, les forÃªts et maintenant les mains dans le pÃ©trole et les avions. Je tweete en mon nom."
Romain Ioualalen,Romain Ioualalen,947.0,"Campaigning to accelerate the end of the fossil fuels era with @priceofoil 
ğŸ‡«ğŸ‡· Grumpy Parisian. Il m'arrive d'Ã©ructer sur la politique franÃ§aise."
Basilic Podcast - Jeane,Basilic Podcast - Jeane,802.0,Podcast consacrÃ© Ã  l'Ã©cologie et aux initiatives positives depuis 2017 ! Ici je parle d'Ã©cologie et de Hong Kong ğŸ‡­ğŸ‡°(ville oÃ¹ j'ai vÃ©cu et oÃ¹ est nÃ© Basilic !)
Samuel LerÃ©,Samuel LerÃ©,2787.0,Ecolo. Co-auteur de AprÃ¨s le libre-Ã©change quel commerce international face aux dÃ©fis Ã©cologiques. Ex Ã‰quipe de campagne de @yjadot et @fondationNH
JPCAPDAIL,JPCAPDAIL,1895.0,"Â« Quand la bÃªtise gouverne, l'intelligence est un dÃ©lit. Â» 
Henry de Montherlant.
ğŸ¢ ğŸ¢ ğŸ¢"
Marine Tondelier ğŸ‡«ğŸ‡·ğŸ‡ªğŸ‡ºğŸŒ»,Marine Tondelier ğŸ‡«ğŸ‡·ğŸ‡ªğŸ‡ºğŸŒ»,22567.0,ConseillÃ¨re municipale d'opposition Ã  #HeninBeaumont et rÃ©gionale #HautsdeFrance | Candidate #NUPES sur la #Circo6211 | Co-trÃ©soriÃ¨re nationale @eelv
Anne-Sophie Lahaye,Anne-Sophie Lahaye,1580.0,"Activiste climat & justice sociale ğŸŒ±âœŠ Team des Justices @RDJustices | EngagÃ©e avec @CliMates_intl, @ConstitEco & fondatrice de #MaintenantOuJamais â°"
ENSOSP,ENSOSP,21027.0,"ğŸš’ Ecole nationale supÃ©rieure des officiers de sapeurs-#pompiersâ”‚French National #Fire Officers Academyâ”‚Escuela national superior de #bomberos ğŸ‡«ğŸ‡·ğŸ‡ªğŸ‡º.
ğŸ“¸DR."
JE Saulnier,JE Saulnier,,
LÃ©o Coutellec - Candidat Nupes 1Ã¨re circo NiÃ¨vre,LÃ©o Coutellec - Candidat Nupes 1Ã¨re circo NiÃ¨vre,1099.0,"Compte officiel de LÃ©o Coutellec, Candidat #NUPES aux Ã©lections lÃ©gislatives dans la premiÃ¨re circonscription de la NiÃ¨vre et de CharlÃ¨ne Delacour, supplÃ©ante"
JÃ©rÃ´me Gleizes,JÃ©rÃ´me Gleizes,16604.0,"Conseiller Paris 20e EELV
Vice-PrÃ©sident @ecoloparis
PrÃ©sident @eivp_paris
@creditmunicipal @la_CPCU @le_SIAAP
Enseignant @univ_spn
@Fondationecolo @RevueEcoRev"
ÃŠtre_libre ğŸ•Šï¸ğŸ‡ºğŸ‡¦ğŸ³ï¸ vs. ğŸ™‰ğŸ™ˆ,ÃŠtre_libre ğŸ•Šï¸ğŸ‡ºğŸ‡¦ğŸ³ï¸ vs. ğŸ™‰ğŸ™ˆ,705.0,Carpe diem ğŸ» KaÃ¯ros ğŸ’« Intuition ğŸ™„ LaÃ¯citÃ© ğŸ•Šï¸ SolidaritÃ© â˜” Humaniste ğŸ™
Cappu FibrÃ©,Cappu FibrÃ©,1366.0,"Ace/Bi/NB - â™¿
ğŸ¦†ğŸ¦†ğŸ¦†"
Eric MARTIN,Eric MARTIN,,
Princertitude,Princertitude,13911.0,"""Pour qu'une technologie rÃ©ussisse, la rÃ©alitÃ© doit prÃ©cÃ©der sur les relations publiques, car la nature ne peut pas Ãªtre dupÃ©e.â€
â€• Richard Feynman"
Greenpeace Versailles,Greenpeace Versailles,259.0,Groupe Local Greenpeace Versailles
EELV,EELV,,
DimancheEnPolitique,DimancheEnPolitique,6939.0,"ğŸ“º ğŸ“Tous les dimanches Ã  12h10 sur @france3tv @Letellier_FTV reÃ§oit en direct un(e) invitÃ©(e) politique
âœï¸ RÃ©d en chef @clairesebastie1
ğŸ’¬ RÃ©agir avec #DIMPOL"
Les Amis de la Terre International,Les Amis de la Terre International,813.0,La fÃ©dÃ©ration internationale des Amis de la Terre est le plus grand rÃ©seau environnemental du monde | Anglais: @FoEint EspaÃ±ol: @FoEint_es
Extinction Rebellion Paris / Ãle-de-France,Extinction Rebellion Paris / Ãle-de-France,1283.0,Compte Paris / IDF d'Extinction Rebellion DeÌsobeÌissance civile non-violente contre lâ€™effondrement eÌcologique ! â³ Rejoignez-nous â³
ĞœĞ°Ñ…Ğ½Ğ¾Ğ²Ñ‰Ğ¸Ğ½Ğ°,ĞœĞ°Ñ…Ğ½Ğ¾Ğ²Ñ‰Ğ¸Ğ½Ğ°,229.0,"â€œOn dit d'un fleuve emportant tout qu'il est violent, mais on ne dit jamais rien de la violence des rives qui l'enserrent.â€ B. Brecht"
Football Together,Football Together,,
Le Duc,Le Duc,207.0,"""Traitez bien la terre, elle ne vous a pas Ã©tÃ© donnÃ©e par vos parents, elle vous a Ã©tÃ© prÃªtÃ©e pour vos enfants"""
t-lab,t-lab,,
On Est PrÃªt,On Est PrÃªt,21203.0,"Fabrique de rÃ©cits pour faire Ã©merger un monde dÃ©sirable qui protÃ¨ge le #vivant !
ğŸ¥ğŸ’¬ğŸŒ

#AffaireDuSiÃ¨cle #ZoneSauvage #climat"
Bike Friday,Bike Friday,118.0,"Born at 330 ppm. Flies less, bikes more, tries to lower her C footprint."
Fabrice Blin Ï† ğŸ•Šï¸ğŸ¢,Fabrice Blin Ï† ğŸ•Šï¸ğŸ¢,,
"Syrah Chat, gj. ğŸ˜¡/No borders/Ni mlp/ni Macron.","Syrah Chat, gj. ğŸ˜¡/No borders/Ni mlp/ni Macron.",169.0,
dr qooqie ğŸŒ - PhD lÃ©ger,dr qooqie ğŸŒ - PhD lÃ©ger,451.0,ultra libÃ©ral cuit au four
GÃ©raldine Woessner,GÃ©raldine Woessner,86081.0,"Journaliste au Point. Politique, Ã©conomie, sciences, ex-correspondante aux US. Welcome tweets from outside of the box."
Fabrice,Fabrice,45.0,
cardojo_,cardojo_,382.0,"En gros de l'Ã©cologie et de la politique. De toute faÃ§on il y a quoi d'autres dans la vie ?
(l'Alsace aussi un peu)"
FuryOtS,FuryOtS,54.0,ğ’Œ ğŸ‡¬ğŸ‡µ
Alternatiba ANV RhÃ´ne,Alternatiba ANV RhÃ´ne,3470.0,"Mouvement citoyen pour le Climat et la Justice sociale ğŸ‘Š ğŸŒ
ğŸ“AlternatiBar MDA Lyon 1er
âœ¨ Nous soutenir : helloasso alternatiba Rhone
ğŸ“· : AndrÃ©a Blanchin"
Claude Atcher,Claude Atcher,,
Nicolas Nace,Nicolas Nace,1703.0,"ChargÃ© de campagne Transition Ã‰nergÃ©tique Ã  @greenpeacefr
Activiste climat @alternatiba_ @anvcop21
IngÃ©nieur et docteur en physique"
Ambassade de France au Rwanda ğŸ‡«ğŸ‡·ğŸ‡ªğŸ‡º,Ambassade de France au Rwanda ğŸ‡«ğŸ‡·ğŸ‡ªğŸ‡º,,
Suya,Suya,2.0,Curieuse imaginative et vite passionnÃ©e
GÃ©nÃ©ration Ecologie,GÃ©nÃ©ration Ecologie,5258.0,Le parti de l'Ã©cologie intÃ©grale dÃ©mocratique. Compte officiel de GÃ©nÃ©ration Ecologie. Soutien @delphinebatho candidate Ã  la #primaire des Ã©cologistes
ğ‘´ğ’Šğ’„ğ’‰ğ’†ğ’ ğ‘·ğ’“ğ’ğ’‘ğ’ğ’” ğŸ‡ªğŸ‡º #Ensemble,ğ‘´ğ’Šğ’„ğ’‰ğ’†ğ’ ğ‘·ğ’“ğ’ğ’‘ğ’ğ’” ğŸ‡ªğŸ‡º #Ensemble,5125.0,"Â« Que tous les bruits du monde sâ€™Ã©lÃ¨vent Ã  lâ€™extÃ©rieur, pourvu quâ€™en moi aucun tumulte ne se produise Â» disait SÃ©nÃ¨que. En lutte contre le LÃ©viathan mÃ©diatique"
Bobbin finaliste Secret Story 2018,Bobbin finaliste Secret Story 2018,147.0,"Hey la miss ğŸ‘© ton pÃ¨re est un voleur, il a pris toutes les propositions de la Convention Citoyenne pour le Climat pour en faire un texte insignifiant"
Claude Gruffat,Claude Gruffat,3202.0,"#EurodÃ©putÃ© @euroecolos @GreensEFA ; #Ã‰conomie, MarchÃ© IntÃ©rieur & Agri ; Bcp dâ€™#ESS et dâ€™alimentation #taxjustice et commerce Ã©quitable. #Ex-President @Biocoop"
NoÃ«lla Kizubanata Kabundji ğŸ‘©ğŸ¼â€ğŸ”¬ğŸ©¸ğŸ¦ ğŸ‡¨ğŸ‡©,NoÃ«lla Kizubanata Kabundji ğŸ‘©ğŸ¼â€ğŸ”¬ğŸ©¸ğŸ¦ ğŸ‡¨ğŸ‡©,623.0,"BiologisteğŸ‘©ğŸ¼â€ğŸ”¬,Entrepreneure,Assistante Ã  l'UniversitÃ© W. Booth(Labo)et initiatrice de serviette hygiÃ©nique rÃ©utilisable,Perla'S Protect SHL ğŸŒ¸Mwasi Peto."
Geron Nina,Geron Nina,952.0,"IngÃ©nieure engagÃ©e, Ã©cofÃ©ministe #LGBTI Collaboratrice de @delphinebatho, mes tweets n'engagent que moi."
EurodÃ©putÃ©Â·eÂ·s EE ğŸŒ,EurodÃ©putÃ©Â·eÂ·s EE ğŸŒ,,
Alexis Quentin,Alexis Quentin,12405.0,"Syndicaliste @cfecgcenergies mais toujours docteur et ingÃ©nieur.  
Expert sur la Reine des neiges 2 et en fautes de frappe. Tweets perso."
Fati N'Zi-Hassane,Fati N'Zi-Hassane,10102.0,"Leading Gender, Health, Education, Nutrition, and Employment programme teams @NEPAD_Agency - @enseaO & @essec alumna - ğŸ‡«ğŸ‡·&ğŸ‡¬ğŸ‡§ spoken - a feminist, of course!"
Maxitator,Maxitator,0.0,
ValK ğŸ’« #InactionDirecte,ValK ğŸ’« #InactionDirecte,7282.0,"photos & infos contre la #kyriarchie
ğŸ˜· #AutodÃ©fenseSanitaire
vote ou ne vote pas mais organise-toi

+ ğŸª¢ @kolavalk ğŸª¡
+ ğŸš @karacole__ ğŸ“»
+ ğŸŒ @demosphere44 ğŸ“†"
Simon Assoun ×©××¢×•×Ÿ ×”×¡×•×Ÿ,Simon Assoun ×©××¢×•×Ÿ ×”×¡×•×Ÿ,2971.0,"Coordination nationale Union juive franÃ§aise pour la paix (UJFP)  ||

Ã©ducation spÃ©cialisÃ©e/protection de l'enfance"
Les Echos Start,Les Echos Start,21691.0,"Les Echos START, le mÃ©dia qui cultive les possibles."
Akira junior,Akira junior,1694.0,Artistes illustrateur dessinateur bedeiste
Audrey Boehly,Audrey Boehly,2780.0,"Journaliste science/environnement ex @sciences_avenir
Autrice du podcast DerniÃ¨res Limites #LimitesPlanÃ©taires ğŸŒ
Comprendre les enjeux pour passer Ã  l'action âœŠ"
Behrang Shirizadeh,Behrang Shirizadeh,1455.0,"Researcher & Consultant in #EnergySystemModeling & #EnergyMarkets.
PhD in Economics from @cired8568, Engineer from @Polytechnique & @SharifSocial.
#NetZero ğŸ¤˜"
Extinction Rebellion France ğŸğŸŒº,Extinction Rebellion France ğŸğŸŒº,39000.0,Mouvement international de dÃ©sobÃ©issance civile non-violente pour opÃ©rer un changement radical afin de minimiser le risque d'effondrement Ã©cologique ğŸğŸŒºğŸŒ±ğŸ¦ğŸ³
POURQUOI ?,POURQUOI ?,679.0,"Tant de questions qui restent sans rÃ©ponses.
POURQUOI ? se propose de rÃ©guliÃ¨rement les poser, avec vous, Ã  ceux qui n'ont plus la curiositÃ© de rien."
Pauline ğŸŒ¿âœŒï¸,Pauline ğŸŒ¿âœŒï¸,22.0,islamo-gauchiste âœ¨
Brice ğŸŒ»âœŒï¸,Brice ğŸŒ»âœŒï¸,2748.0,conseiller municipal @ePuteaux et co-secrÃ©taire des Hauts-de-Seine @eelv92 #thereisnoplanetB #urbanisme #mobilitÃ© #communs #conditionAnimale #Ã©conomieCirculaire
Niko ğŸ³ï¸â€ğŸŒˆâœŒï¸{ĞĞ¸ĞºĞ¾Ğ»Ğ°Ğ¹ ĞšĞ»Ğ°Ğ²Ğ¾Ğ²Ğ¸Ñ‡ Ğ›ĞµÑ„ÑĞ²Ñ€Ğµ},Niko ğŸ³ï¸â€ğŸŒˆâœŒï¸{ĞĞ¸ĞºĞ¾Ğ»Ğ°Ğ¹ ĞšĞ»Ğ°Ğ²Ğ¾Ğ²Ğ¸Ñ‡ Ğ›ĞµÑ„ÑĞ²Ñ€Ğµ},190.0,"ğŸ³ï¸â€ğŸŒˆâœŒï¸, orchidoclaste, co-hostğŸ™ï¸ @pasdemelange, Leader du Front de LibÃ©ration de la Raclette etğŸƒ@1989nicolas_run ğŸ® SW-2233-4288-2812"
KantarFR,KantarFR,32541.0,Kantar France : des #datas et des #insights pour les professionnels et les journalistes. SociÃ©tÃ© du groupe @WPP.
Konoarde,Konoarde,,
RÃ©sistance Ã  l'Agression Publicitaire,RÃ©sistance Ã  l'Agression Publicitaire,5391.0,Compte de l'association RÃ©sistance Ã  l'Agression Publicitaire dont l'objet est de lutter contre les effets nÃ©gatifs des activitÃ©s publicitaires. #Antipub
Benjamin Mary,Benjamin Mary,14.0,"PrÃ©-boomer utilisateur de GIF. Bot Ã  temps partiel. Bon je vous laisse, j'ai Neo et Trinity Ã  la porte, chais pas ce qu'ils me veulent.

It/it"
Audrey Alwett,Audrey Alwett,1934.0,"Autrice des sÃ©ries Magic Charly, Princesse Sara et Le Grimoire d'Elfie. Je collectionne les Princesses Ã  queue de dragon et je fabrique des tasses sorciÃ¨res."
Kogutyak Volodymyr,Kogutyak Volodymyr,,
Fabien BouglÃ©,Fabien BouglÃ©,1284.0,"Expert en politique Ã©nergÃ©tique, auteur de NuclÃ©aires les vÃ©ritÃ©s cachÃ©es, 2021 et Eoliennes la face noire de la transition Ã©cologique, 2022 Editions du  Rocher"
Xavier CHOLIN,Xavier CHOLIN,16.0,
FranÃ§ois Thiollet,FranÃ§ois Thiollet,1936.0,"Conseiller municipal de Valencisse, Loir et Cher.
Bureau exÃ©cutif EELV, dÃ©lÃ©guÃ© au projet, co-trÃ©sorier."
Quentin Guillemain âœŒï¸,Quentin Guillemain âœŒï¸,3430.0,"Porte parole et coordinateur adjoint de @GEcologie
President d @AFVLCS 
Conseiller municipal @chartresEcolog1 ğŸŒ
Candidat aux lÃ©gislatives #NUPES sur la #2801 âœŒ"
Aba,Aba,419.0,"#FBPEğŸ‡¨ğŸ‡µğŸ‡ªğŸ‡º
#LAREM #RENAISSANCE #macron2022
#macron2027 #macron2032 #macron2037 #EmmanuelLePen ğŸ’‰ğŸ’‰ğŸ’‰ğŸ’‰ğŸ’‰ğŸ’‰ğŸ’‰ğŸ’‰ğŸ’‰ğŸ’‰ğŸ’‰ğŸ’‰ #2%"
Bruce,Bruce,935.0,"Compte perso. Travaillant dans lâ€™INB 127 et 128, de la gÃ©nÃ©ration 420. Mes tweets nâ€™engagent que moi et ceux qui les lisent. Membre de @voixdunucleaire #TeamN03"
GeekosPES,GeekosPES,14.0,
Maxime.L,Maxime.L,,
Ju Øª,Ju Øª,762.0,#Humour #Politique #HipHop #Education #LittÃ©rature #FiscalitÃ©DesParticuliers #CinÃ©ma
ã€Tadã€,ã€Tadã€,26.0,Ironiquement joyeux | Typical blue hair INFP gamer boy | NUPES enjoyer | Bourgeois hater
David Glotin,David Glotin,320.0,"Team @M_Orphelin
#energie #climat"
"radioLogiqueâ˜¢ï¸, je questionne pour comprendre.","radioLogiqueâ˜¢ï¸, je questionne pour comprendre.",172.0,Pas toujours un avis tranchÃ©. Ici surtout pour la transition Ã©nergÃ©tique. Pro #nuclÃ©aire pas anti #ENR. SalariÃ© de l'#Ã©nergie je parle en mon nom.
Dragonfire ğŸ‡ºğŸ‡¦,Dragonfire ğŸ‡ºğŸ‡¦,261.0,"GHG phobic. 
IngÃ©nieur Ã©co-anxieux 
""Les convictions sont des ennemis de la vÃ©ritÃ© plus dangereux que les mensonges."" Nietzsche"
RWANDA DEMOCRATIE,RWANDA DEMOCRATIE,6929.0,"R.D lutte contre la dictature , injustices sociales, et discriminations. Milite pour la dÃ©mocratie ,respect des droits de l'homme et alternance pacifique !"
Judge,Judge,499.0,"Jeux de rÃ´le, sciences et shitpost. Velotaf modÃ©rÃ©."
LostinCasa,LostinCasa,3258.0,ÑĞ»Ğ°Ğ²Ğ° ÑƒĞºÑ€Ğ°Ñ—Ğ½Ñ–
Abdelmalek Mohamed ğŸ­,Abdelmalek Mohamed ğŸ­,39.0,Responsable d'Ã©quipe #Marseille #Mourepiane #PoleEmploi #formation #recrutement #QVT #insertion #numerique #Industrie #Expert d'avenir industrie
Espoir44,Espoir44,39.0,
isulana bianchi,isulana bianchi,3047.0,
Victor LğŸ‡«ğŸ‡·ğŸ‡ªğŸ‡º,Victor LğŸ‡«ğŸ‡·ğŸ‡ªğŸ‡º,7969.0,ex Social Media e-RP @enedis ex-@wpp | @iscom | RÃ©publique - Maroilles et Rive Gauche ğŸ‡«ğŸ‡·ğŸ‡ªğŸ‡º - ğŸ™ğŸ“°âŒ¨ï¸
RÃ©volution Permanente,RÃ©volution Permanente,46593.0,"L'info du bon cÃ´tÃ© de la barricade. Site d'information d'extrÃªme gauche depuis juin 2015. Aussi sur Facebook, YouTube, Insta. siterevolutionpermanente@gmail.com"
LCI,LCI,480530.0,"Bienvenue sur LCI, #La26 sur la TNT. Le meilleur de l'info, de l'analyse, du dÃ©cryptage et tous les grands Ã©vÃ©nements en direct #RespectZone"
David Izzo,David Izzo,6292.0,"diplomate ğŸ‡«ğŸ‡·, ambassadeur au Mozambique ğŸ‡²ğŸ‡¿ et Eswatini ğŸ‡¸ğŸ‡¿, prÃ©cÃ©demment El Salvador ğŸ‡¸ğŸ‡» et Belize ğŸ‡§ğŸ‡¿"
Eva Sadoun,Eva Sadoun,6419.0,Entrepreneure activiste et Autrice Â«Â Une Ã©conomie Ã  nousÂ Â»  // @litapointco @rift_app / co-pres @Mouv_impactFR x @tech_for_goodfr /
Fernier Alexandre,Fernier Alexandre,119.0,"Chercheur, Ã©cofÃ©ministe, adhÃ©rent GÃ©nÃ©ration Ã‰cologie. 
""La vÃ©ritable trahison est de suivre le monde comme il va et dâ€™employer lâ€™esprit Ã  le justifier"""
StÃ©phane Loisel âœŒ,StÃ©phane Loisel âœŒ,747.0,"Grand fanatique de vins naturels, de bonne nourriture. Ã‰picurien. 
Inquiet pour les gÃ©nÃ©rations futures
A horreur des injustices

#insoumis"
Off Tracteur,Off Tracteur,15769.0,"ğŸ‘‰Le seul endroit oÃ¹ tu peux dÃ©passer la limite de la fake news et de la parodie / DÃ©cla AltF4 + complÃ¨tement foireuse.


ğŸš¨ Compte parodique ğŸš¨"
Christophe Grison,Christophe Grison,12027.0,Agriculteur cÃ©rÃ©alier maraÃ®chage . Pdt du groupe CoopÃ©ration @lecese. Pdt @valfrancecoop. Pdt @Adivalor Mes tweets n'engagent que moi.  #FrAgTw #FierdeRecycler
Gertrand Cera,Gertrand Cera,89.0,boom bap
Michel Cucchi ğŸ‡ºğŸ‡¦ ğŸ‡ªğŸ‡ºâœŒï¸,Michel Cucchi ğŸ‡ºğŸ‡¦ ğŸ‡ªğŸ‡ºâœŒï¸,137.0,
Frederick M ğŸ’™ğŸ’› #NUPES ğŸ’šâ¤ï¸ #JeSuisAmish ğŸŒ»ğŸ‡ªğŸ‡º,Frederick M ğŸ’™ğŸ’› #NUPES ğŸ’šâ¤ï¸ #JeSuisAmish ğŸŒ»ğŸ‡ªğŸ‡º,2641.0,#OuiLesTempsChangentğŸŒŠ | Avec @sandrousseau @NUPES_2022_ @EELV @ecoloparis16 | VidÃ©aste/photographe | ABONNEZ-VOUS: youtube.com/channel/UC2eKlâ€¦
Anne-Elisabeth Moutet ğŸ‡«ğŸ‡· ğŸ‡ºğŸ‡¦,Anne-Elisabeth Moutet ğŸ‡«ğŸ‡· ğŸ‡ºğŸ‡¦,17999.0,"Telegraph, UnHerd, Les InformÃ©s FranceInfo, GB News, #PresquEnsemble; adopted by 2 cats, 1 wheeled suitcase & a tall dark stranger. Blocked by @georgegalloway."
Verlaine,Verlaine,78851.0,Politique et sociÃ©tÃ©.
GeneviÃ¨ve Garrigos,GeneviÃ¨ve Garrigos,4415.0,ğŸšºâœŠğŸ½ğŸŒğŸŒºğŸ³ï¸â€ğŸŒˆConseillÃ¨re @Paris Pdte 7e commission dÃ©lÃ©guÃ©e @mairie20e Ã  La ville du quart dâ€™heure Pdte @mpaa_75 Pdte @epecParis
BearingPoint FR,BearingPoint FR,3069.0,"Notre cÅ“ur de mÃ©tier : accompagner nos clients dans le respect des prÃ©occupations Ã©thiques et environnementales 
#Consulting"
Pablo FLYE,Pablo FLYE,890.0,"""Le courage, c'est d'aller Ã  l'idÃ©al et de comprendre le rÃ©el."" JJ - engagÃ© pour une justice sociale et environnementale et porte parole @fridays4futurfr ğŸŒ¿"
Julie Laernoes,Julie Laernoes,5283.0,DÃ©putÃ©e de la 4e circonscription de Loire-Atlantique ğŸŒˆğŸ’š #NUPES
ThePlaneTruthğŸ¢ğŸ¢ğŸ¢ğŸ¢,ThePlaneTruthğŸ¢ğŸ¢ğŸ¢ğŸ¢,900.0,"#legislatives2022 Fermeture dÃ©finitive de Castorama !

Bloque Tous les trolls fachos avec 5 abonnÃ©s â›”â›”"
Rousselet Yannick,Rousselet Yannick,4167.0,Consultant en SÃ»retÃ© NuclÃ©aire
